Query,Frequency,Language,Fandom
national treasures,Head,English,N/A
scottenmade,Head,English,N/A
nemik manifesto,Head,English,N/A
enzymes,Head,English,N/A
kunikuzushi,Head,English,N/A
freida mcfadden,Head,English,N/A
violinist,Head,English,N/A
L7,Head,English,N/A
aglo,Head,English,N/A
pollytoy,Head,English,N/A
cording2u,Head,English,N/A
spillerphoto,Head,English,N/A
rachelspatterns,Head,English,N/A
national days,Head,English,N/A
reve dor,Head,English,N/A
bertie bassett,Head,English,N/A
dermot kennedy shirt,Head,English,N/A
premades,Head,English,N/A
f30i,Head,English,N/A
luthieros,Head,English,N/A
nunn designs,Head,English,N/A
miniature novel,Head,English,N/A
artinspirate,Head,English,N/A
pearly everlasting,Head,English,N/A
turmon,Head,English,N/A
fierce guardianship proxy,Head,English,N/A
billetspin,Head,English,N/A
ren fa,Head,English,N/A
girlblogger,Head,English,N/A
fictional,Head,English,N/A
crz,Head,English,N/A
chaperone,Head,English,N/A
Hidalgo,Head,English,N/A
nerawear,Head,English,N/A
secretsoftheshadows,Head,English,N/A
barbee,Head,English,N/A
the togo,Head,English,N/A
jibitz,Head,English,N/A
nene yashiro,Head,English,N/A
matt berninger,Head,English,N/A
spinning cloth,Head,English,N/A
Vaucluse,Head,English,N/A
sweather,Head,English,N/A
wulu,Head,English,N/A
resp,Head,English,N/A
Rhodesia,Head,English,N/A
makerflo,Head,English,N/A
ten ping,Head,English,N/A
jeansclaystudio,Head,English,N/A
cocomo,Head,English,N/A
objekt,Head,English,N/A
Gatekeeper,Head,English,N/A
lovable,Head,English,N/A
Lil Mosey,Head,English,N/A
us ring size guide,Head,English,N/A
&Team,Head,English,N/A
bintage,Head,English,N/A
shoe size conversion table,Head,English,N/A
noirkala,Head,English,N/A
parsons,Head,English,N/A
loopty doops,Head,English,N/A
caroline peckham,Head,English,N/A
i want a treat,Head,English,N/A
wilberforce university,Head,English,N/A
can erik,Head,English,N/A
snow on the mountain,Head,English,N/A
tobisho,Head,English,N/A
finger block,Head,English,N/A
yolkmouths,Head,English,N/A
the goes wrong show,Head,English,N/A
biniverse,Head,English,N/A
nella,Head,English,N/A
luo xiaohei,Head,English,N/A
jonathan strange and mr norrell,Head,English,N/A
puppycatmeow,Head,English,N/A
unquie,Head,English,N/A
guaje,Head,English,N/A
crossandra,Head,English,N/A
bathsabbath,Head,English,N/A
salley mavor,Head,English,N/A
westford mill,Head,English,N/A
foot brush,Head,English,N/A
taishang,Head,English,N/A
moochi,Head,English,N/A
vamos baby,Head,English,N/A
catfish_and_the_bottlemen_shirt,Head,English,N/A
chrome_hearts,Head,English,N/A
sweetwaterdecor,Head,English,N/A
Hagenauer,Head,English,N/A
tainted grail fall of avalon,Head,English,N/A
kgtrends,Head,English,N/A
losna,Head,English,N/A
punch box,Head,English,N/A
solerastudio,Head,English,N/A
jennifer garant,Head,English,N/A
punk57,Head,English,N/A
chandler riggs,Head,English,N/A
stone rolling pin,Head,English,N/A
feeding bottles,Head,English,N/A
Dhelmise,Head,English,N/A
fanbook,Head,English,N/A
melanie safka,Head,English,N/A
finding hope and joy,Head,English,N/A
ace pro 2,Head,English,N/A
wichy,Head,English,N/A
mondo bop,Head,English,N/A
summer when hikaru died,Head,English,N/A
sy frankl,Head,English,N/A
crucified skin,Head,English,N/A
kgdolmc,Head,English,N/A
zone 9,Head,English,N/A
optic downtown,Head,English,N/A
hair roach,Head,English,N/A
materialists,Head,English,N/A
veer accessories,Head,English,N/A
margaret preston,Head,English,N/A
cambodian food,Head,English,N/A
cryptobiote,Head,English,N/A
studebaker hawk,Head,English,N/A
pioneer glass,Head,English,N/A
Landman,Head,English,N/A
this is england movie,Head,English,N/A
mezgike dredge,Head,English,N/A
six of swords,Head,English,N/A
larryleachia cactiformis,Head,English,N/A
yamato deck box,Head,English,N/A
vintagestylearts,Head,English,N/A
threeriversgems,Head,English,N/A
imperial nobility,Head,English,N/A
bldbuilds,Head,English,N/A
sugardaddydesign,Head,English,N/A
mintedsugar,Head,English,N/A
bries,Head,English,N/A
death note dvd,Head,English,N/A
Cindy Sherman,Head,English,N/A
homedrygoods shop,Head,English,N/A
chiminea,Head,English,N/A
sultan qaboos,Head,English,N/A
molly ellen,Head,English,N/A
progressive flo,Head,English,N/A
georgianessence,Head,English,N/A
the great dictator speech,Head,English,N/A
benton family boutique,Head,English,N/A
lepakshi,Head,English,N/A
zeka,Head,English,N/A
strawberry shake cutting,Head,English,N/A
twelvetwelvepaperie,Head,English,N/A
good_mythical_morning,Head,English,N/A
devil's sons,Head,English,N/A
anastasiaart,Head,English,N/A
berserk proxy,Head,English,N/A
saint vitus band,Head,English,N/A
littleworkroomcrafts,Head,English,N/A
peach_riot,Head,English,N/A
tie up,Head,English,N/A
aunk,Head,English,N/A
paco amoroso,Head,English,N/A
clinton baptiste,Head,English,N/A
lunablu,Head,English,N/A
jimilace,Head,English,N/A
holactie the creator of light,Head,English,N/A
sweetclementine,Head,English,N/A
elatostema,Head,English,N/A
OneStepToNeverland,Head,English,N/A
coscinocera hercules,Head,English,N/A
homo naledi,Head,English,N/A
crsct,Head,English,N/A
dongfang qingcang,Head,English,N/A
sofia coppola sticker,Head,English,N/A
cathlynminimalist,Head,English,N/A
sound equipment,Head,English,N/A
clementines design co,Head,English,N/A
fader caps,Head,English,N/A
lemon bay,Head,English,N/A
pelacase,Head,English,N/A
core chaos,Head,English,N/A
Ets,Head,English,N/A
cain the band,Head,English,N/A
emacs,Head,English,N/A
helenggs,Head,English,N/A
asimina triloba,Head,English,N/A
sam and ralph,Head,English,N/A
bataw,Head,English,N/A
wildwood witch,Head,English,N/A
merchant 41,Head,English,N/A
loves gonna get you killed,Head,English,N/A
partiflairco,Head,English,N/A
goliath bird eater,Head,English,N/A
gritty crochet,Head,English,N/A
mogo race,Head,English,N/A
theoden speech,Head,English,N/A
mccallie,Head,English,N/A
dart zone thunderbolt,Head,English,N/A
thorthu,Head,English,N/A
hwfwm,Head,English,N/A
creature commandos the bride,Head,English,N/A
he stopped loving her today,Head,English,N/A
erodium,Head,English,N/A
wook accessories,Head,English,N/A
nebula class,Head,English,N/A
make it real,Head,English,N/A
49:1,Head,English,N/A
nila sabounia,Head,English,N/A
toshiro mifune,Head,English,N/A
boxofus,Head,English,N/A
things for under a dollar,Head,English,N/A
wee man,Head,English,N/A
Slumerican,Head,English,N/A
criterioncrews,Head,English,N/A
regents,Head,English,N/A
real kings of comedy,Head,English,N/A
claudjewelers,Head,English,N/A
kartuz giant,Head,English,N/A
ableyshandmadegifts,Head,English,N/A
nanakuli,Head,English,N/A
tillie rose,Head,English,N/A
zara larsson merch,Head,English,N/A
iridan,Head,English,N/A
home decir,Head,English,N/A
elle the musketeer,Head,English,N/A
victoria wilder merch,Head,English,N/A
MyChicMercerie,Head,English,N/A
krieg transfers,Head,English,N/A
lullaby machines,Head,English,N/A
cubase 14,Head,English,N/A
sharkotea,Head,English,N/A
john j woodward,Head,English,N/A
natal mahogany,Head,English,N/A
korra asami,Head,English,N/A
as told by ellie,Head,English,N/A
xobx,Head,English,N/A
bulk giveaway,Head,English,N/A
notnuffnerf,Head,English,N/A
summiton,Head,English,N/A
chairman rose,Head,English,N/A
painted by naif,Head,English,N/A
cotton hill,Head,English,N/A
lux algo,Head,English,N/A
okinawa silver,Head,English,N/A
adelle,Head,English,N/A
encyclia radiata,Head,English,N/A
maisimplegifts,Head,English,N/A
paul matthews,Head,English,N/A
beehappystyles,Head,English,N/A
expensive stuff,Head,English,N/A
illusdreams,Head,English,N/A
mybabyloveclothingco,Head,English,N/A
5.11 rush 24,Head,English,N/A
nakumatt cracker balls,Head,English,N/A
changewing,Head,English,N/A
MadeAndMemories,Torso,English,N/A
vanguard thegrea,Torso,English,N/A
Campbell River,Torso,English,N/A
hermann_bauer,Torso,English,N/A
let's play,Torso,English,N/A
CONGRATULATION,Torso,English,N/A
Decorative smoke alarm cover,Torso,English,N/A
cartidge,Torso,English,N/A
kojak gifts,Torso,English,N/A
genetecist,Torso,English,N/A
Kulmbacher,Torso,English,N/A
no na wa,Torso,English,N/A
Skenderbeg,Torso,English,N/A
samuel m levi,Torso,English,N/A
four_tet,Torso,English,N/A
xyltol,Torso,English,N/A
jai_john_hardy,Torso,English,N/A
papmper,Torso,English,N/A
prudes,Torso,English,N/A
street evangelism,Torso,English,N/A
fizz flight card,Torso,English,N/A
vintageswanseller,Torso,English,N/A
acp 3d,Torso,English,N/A
the sacred stones series,Torso,English,N/A
been cuntry,Torso,English,N/A
manasquan reservoir,Torso,English,N/A
sunlight forest,Torso,English,N/A
stitch household,Torso,English,N/A
Taymani,Torso,English,N/A
clark_m_goff,Torso,English,N/A
womman,Torso,English,N/A
lifepod vaultek,Torso,English,N/A
gothis,Torso,English,N/A
drops belle white,Torso,English,N/A
crackling foil,Torso,English,N/A
gifts of life,Torso,English,N/A
under the garden moon pattern,Torso,English,N/A
ScavengedPARTs,Torso,English,N/A
charge tag,Torso,English,N/A
annabell lee shirt,Torso,English,N/A
spd kat,Torso,English,N/A
freahie,Torso,English,N/A
palm brace,Torso,English,N/A
Lost Ark Mokoko,Torso,English,N/A
blood from the mummy&#39;s tomb,Torso,English,N/A
homedesigns,Torso,English,N/A
green lozenge,Torso,English,N/A
showy sunflower,Torso,English,N/A
wierd al,Torso,English,N/A
dame darcy queen alice,Torso,English,N/A
camera flash slot,Torso,English,N/A
penny merch,Torso,English,N/A
word endings,Torso,English,N/A
Asgardian Pack Hunters,Torso,English,N/A
cervical palsy,Torso,English,N/A
mydei photocard,Torso,English,N/A
consolation poster,Torso,English,N/A
track ir video games,Torso,English,N/A
twoofwand,Torso,English,N/A
owl cut,Torso,English,N/A
mystic brew,Torso,English,N/A
tree fencing,Torso,English,N/A
rogue trooper biochip,Torso,English,N/A
manifest tv show poster,Torso,English,N/A
bespin wing guard,Torso,English,N/A
sea and rhythm,Torso,English,N/A
wall art exclusive,Torso,English,N/A
the pure printables,Torso,English,N/A
Purple Giant Teddy Bear Sunflower,Torso,English,N/A
kristen wiig print,Torso,English,N/A
cargo light,Torso,English,N/A
lizzy&#39;s,Torso,English,N/A
shamilla joy,Torso,English,N/A
felted stats,Torso,English,N/A
potsdam college,Torso,English,N/A
murrels,Torso,English,N/A
sew Becca,Torso,English,N/A
sucking_thumb_monkey,Torso,English,N/A
kissmy sasjewlery,Torso,English,N/A
unlimited storage,Torso,English,N/A
Vagabondstitch,Torso,English,N/A
guara pink,Torso,English,N/A
table fastener,Torso,English,N/A
organic handmade cheesecloth unbleached,Torso,English,N/A
Arquitens-class light cruiser,Torso,English,N/A
theredcrystaltreasures,Torso,English,N/A
la y susan,Torso,English,N/A
econolite forest fire motion lamp,Torso,English,N/A
db01,Torso,English,N/A
kale me maybe,Torso,English,N/A
hara_hachi_bu,Torso,English,N/A
Amalia Tavares,Torso,English,N/A
pavarotti signed,Torso,English,N/A
outlaw props,Torso,English,N/A
maxwell jewelry,Torso,English,N/A
rhino marines,Torso,English,N/A
dart zone max accessories,Torso,English,N/A
ATSM,Torso,English,N/A
palpitations,Torso,English,N/A
come to my garden,Torso,English,N/A
god will judge your enemies patch,Torso,English,N/A
Br0ken Colors,Torso,English,N/A
life of tom,Torso,English,N/A
marvelsCo,Torso,English,N/A
ivoryisledesign,Torso,English,N/A
ag room,Torso,English,N/A
wannabe dictator,Torso,English,N/A
latching switch,Torso,English,N/A
hamlin sweet orange,Torso,English,N/A
hide twinkle,Torso,English,N/A
Rimowa case,Torso,English,N/A
How to sell in a nutshell,Torso,English,N/A
chain-glaive,Torso,English,N/A
car screen mount,Torso,English,N/A
daijiro,Torso,English,N/A
coat pew,Torso,English,N/A
grovyle art,Torso,English,N/A
milk and honey pattern,Torso,English,N/A
patty waxx,Torso,English,N/A
minipaws,Torso,English,N/A
queen of shadows paperback,Torso,English,N/A
Calathea &quot;Helen Kennedy&quot;,Torso,English,N/A
small space litter box,Torso,English,N/A
people confuse me,Torso,English,N/A
suzy 108,Torso,English,N/A
motel morris,Torso,English,N/A
tap dancing floor,Torso,English,N/A
essential nine,Torso,English,N/A
milli vanilla,Torso,English,N/A
euphoria dupe,Torso,English,N/A
custom tin man,Torso,English,N/A
eileen lewenstein,Torso,English,N/A
lil wayne signed memorabilia,Torso,English,N/A
mr punch figurine,Torso,English,N/A
nevermore ledger,Torso,English,N/A
agramantiques,Torso,English,N/A
thatspookykidsdesign,Torso,English,N/A
hs_144_10_film,Torso,English,N/A
8_player_croquet_set,Torso,English,N/A
african jute seeds,Torso,English,N/A
veronica burton,Torso,English,N/A
the chosen 5&2,Torso,English,N/A
palmtopinedesigns,Torso,English,N/A
sacredthreaddesigns,Torso,English,N/A
arret sign,Torso,English,N/A
traitor_guard_bits,Torso,English,N/A
your time on earth is limited,Torso,English,N/A
inocybe,Torso,English,N/A
pete crow armstrong auto,Torso,English,N/A
the chronicles of prydian,Torso,English,N/A
iu fwbric,Torso,English,N/A
white pine strawberry,Torso,English,N/A
cardo packtalk edge skin cover,Torso,English,N/A
reefton costas,Torso,English,N/A
rigid counterbalance handle,Torso,English,N/A
remover earrings,Torso,English,N/A
pit pads,Torso,English,N/A
All3dArts,Torso,English,N/A
javanese script,Torso,English,N/A
la griteria,Torso,English,N/A
sparex no.2 acid compound,Torso,English,N/A
Empyrean Space Sisters,Torso,English,N/A
banana leg,Torso,English,N/A
handmadebysteffi,Torso,English,N/A
Littletreasure16,Torso,English,N/A
race to the treasure,Torso,English,N/A
hooper 1978,Torso,English,N/A
Festuca arundinacea,Torso,English,N/A
: Witchnlif333,Torso,English,N/A
codys_creations,Torso,English,N/A
aquaclear 50 lid,Torso,English,N/A
sunette,Torso,English,N/A
tzeentch objective,Torso,English,N/A
marquee_letter_stacking_stand,Torso,English,N/A
zone 4 cherry tree,Torso,English,N/A
ged presents,Torso,English,N/A
2nd generation blockhead shirt,Torso,English,N/A
Spanish classes,Torso,English,N/A
weird studies,Torso,English,N/A
stoney clover party favors,Torso,English,N/A
shibu uchiwa,Torso,English,N/A
lemondoozylane,Torso,English,N/A
cesare paciotti 41,Torso,English,N/A
new_york_or_nowhere_font,Torso,English,N/A
maryjudy shop,Torso,English,N/A
jey uso yeet dtf,Torso,English,N/A
wall cove,Torso,English,N/A
Mouse Trap Hood,Torso,English,N/A
Thread Theory Designs,Torso,English,N/A
rigolette,Torso,English,N/A
decorative hanging file,Torso,English,N/A
le bristol hotel,Torso,English,N/A
how sweet it is answer key,Torso,English,N/A
bent bento digital pattern,Torso,English,N/A
soulwax shirt,Torso,English,N/A
toquillas vaqueras,Torso,English,N/A
niloak rabbit,Torso,English,N/A
gannet cushion,Torso,English,N/A
sourcing checklist,Torso,English,N/A
rare boxwood,Torso,English,N/A
tornglassart shop,Torso,English,N/A
Ho Chi Minh bust,Torso,English,N/A
montamower,Torso,English,N/A
linda lori shirt,Torso,English,N/A
Miffurin,Torso,English,N/A
stg pack,Torso,English,N/A
punton,Torso,English,N/A
clayismyart,Torso,English,N/A
problematic summer romance,Torso,English,N/A
think you’re free,Torso,English,N/A
hannah bonam you g,Torso,English,N/A
escape proof roach bowl,Torso,English,N/A
near miss tracker,Torso,English,N/A
mini makers monthly,Torso,English,N/A
sleep token band cup,Torso,English,N/A
cortland owala,Torso,English,N/A
custodes stls,Torso,English,N/A
brady_bunch_costume,Torso,English,N/A
personalized compartments,Torso,English,N/A
nothing ever burns down by itself,Torso,English,N/A
margaritas and moo moo,Torso,English,N/A
padelholic,Torso,English,N/A
robertocoin,Torso,English,N/A
Nina Chuba poster,Torso,English,N/A
the hollies evolution,Torso,English,N/A
chubby sharkitty,Torso,English,N/A
tony soprano feeding ducks,Torso,English,N/A
ena coral,Torso,English,N/A
hakos baelz car sticker,Torso,English,N/A
ravi varma paintings backdrop,Torso,English,N/A
paola_uni,Torso,English,N/A
my face for the world to see book,Torso,English,N/A
nendoroid pyjamas,Torso,English,N/A
jspsn,Torso,English,N/A
le studio bleu,Torso,English,N/A
sopranos meat market,Torso,English,N/A
knotted bed bumpers,Torso,English,N/A
geezlouise,Torso,English,N/A
all hands on deck sticker,Torso,English,N/A
Pocket notes,Torso,English,N/A
i practice safe decks png,Torso,English,N/A
white fk,Torso,English,N/A
m18 smoke grenade cup,Torso,English,N/A
farfalladesign,Torso,English,N/A
stage door stationary,Torso,English,N/A
paradise falls fund,Torso,English,N/A
justbreathacc,Torso,English,N/A
clara lawrence,Torso,English,N/A
nurture right insert,Torso,English,N/A
wanted poster proxy,Torso,English,N/A
where it all bega,Tail,English,N/A
tinydesignspatyern,Tail,English,N/A
addopt,Tail,English,N/A
customizable flag fast delivery,Tail,English,N/A
molds gift,Tail,English,N/A
new_found_glory,Tail,English,N/A
delts sigma theta,Tail,English,N/A
streptocarpella -streptocarpus,Tail,English,N/A
quote with me,Tail,English,N/A
modeed 3ds,Tail,English,N/A
psalm_34_3,Tail,English,N/A
His Light Remains,Tail,English,N/A
CERAMIDE,Tail,English,N/A
baby shower gifys,Tail,English,N/A
hand stanp,Tail,English,N/A
vikcy,Tail,English,N/A
stock valuations,Tail,English,N/A
saint_sophrony,Tail,English,N/A
joy & sadness,Tail,English,N/A
kevin_levrone,Tail,English,N/A
gloria estefan 80s,Tail,English,N/A
leAnn,Tail,English,N/A
storm glad,Tail,English,N/A
alcantara car seat,Tail,English,N/A
rockriverstotches,Tail,English,N/A
bakol,Tail,English,N/A
director's chair,Tail,English,N/A
precious ball,Tail,English,N/A
take all packages to the house,Tail,English,N/A
DelainaMadeIt,Tail,English,N/A
reversible_caribbean_dolls,Tail,English,N/A
Faux cookies for display,Tail,English,N/A
Coquitlam map,Tail,English,N/A
floor armoire,Tail,English,N/A
fillable_cardboard_numbers,Tail,English,N/A
making roots,Tail,English,N/A
city scape miniature,Tail,English,N/A
Ise Japan,Tail,English,N/A
medium bartholomew the bear,Tail,English,N/A
motorscooter accessory,Tail,English,N/A
ucagco_candle_holder,Tail,English,N/A
fragrant cattelaya,Tail,English,N/A
ceramic bien hoa,Tail,English,N/A
hose guide ball,Tail,English,N/A
sun nicknack,Tail,English,N/A
Monstera Creme Brulee Mature Variegated,Tail,English,N/A
Rush Stitch,Tail,English,N/A
charivari blank,Tail,English,N/A
coraline bobinksy,Tail,English,N/A
gunsmith_birthday,Tail,English,N/A
mullet stan,Tail,English,N/A
Flying Toys%20Boomerang%20&quot;Spinner,Tail,English,N/A
cry power puff,Tail,English,N/A
fairlys,Tail,English,N/A
not flesh and blood,Tail,English,N/A
glixia white,Tail,English,N/A
pocket rings year at a glance,Tail,English,N/A
waxed canvas by the meter,Tail,English,N/A
multi sneakers,Tail,English,N/A
brona donelly design,Tail,English,N/A
hedgehog child plate,Tail,English,N/A
gastroson,Tail,English,N/A
1/3 scale bodysuit,Tail,English,N/A
dont say I never gave you anything,Tail,English,N/A
water chestnuts for growing,Tail,English,N/A
chr key cover,Tail,English,N/A
peachykeanecrafting,Tail,English,N/A
baha&#39;i_wall_decor,Tail,English,N/A
cherry bells plant,Tail,English,N/A
three_fat_men,Tail,English,N/A
glass worlds greatest,Tail,English,N/A
daddy&#39;s_sauce,Tail,English,N/A
roland micro cube battery cover,Tail,English,N/A
sindy sun glasses,Tail,English,N/A
personalized histology art,Tail,English,N/A
single griddle cutting board,Tail,English,N/A
maiya stencils,Tail,English,N/A
toho 591,Tail,English,N/A
pauls letters coloring,Tail,English,N/A
detached room,Tail,English,N/A
lexus_3d_printed_parts,Tail,English,N/A
plum_patch,Tail,English,N/A
goldorak stl file,Tail,English,N/A
velour_paper,Tail,English,N/A
dear bank,Tail,English,N/A
financial year in review,Tail,English,N/A
square nail furniture,Tail,English,N/A
killteaM,Tail,English,N/A
room 12,Tail,English,N/A
cathrine cowles,Tail,English,N/A
ruffland water pail hook,Tail,English,N/A
warhammer fathers,Tail,English,N/A
hema elbow cops,Tail,English,N/A
viv miedema t-shirt,Tail,English,N/A
olive scoop large,Tail,English,N/A
whitney hutton,Tail,English,N/A
fuzzy bug shrub toy,Tail,English,N/A
"Pretend Play Jesus Play Dough Jar, Churc...",Tail,English,N/A
are we drinkin” or drankin,Tail,English,N/A
1/2&quot; elegant plugs,Tail,English,N/A
pin tail on pandy,Tail,English,N/A
Konig mask cod,Tail,English,N/A
weird stuffy,Tail,English,N/A
mens summer scrub hats,Tail,English,N/A
peniculinum plant,Tail,English,N/A
christine hemp,Tail,English,N/A
antorro velvet,Tail,English,N/A
call protector,Tail,English,N/A
achote organic,Tail,English,N/A
1970s ghost story,Tail,English,N/A
pursell boomerang table,Tail,English,N/A
pro4x grill emblem,Tail,English,N/A
guillotine wire cutter,Tail,English,N/A
Anisacanthus quadrifidus var. wrightii,Tail,English,N/A
gina art collection,Tail,English,N/A
bsa postcard,Tail,English,N/A
secret life of pets snowball png,Tail,English,N/A
maggie_moon,Tail,English,N/A
jordan samples,Tail,English,N/A
atrial appendage,Tail,English,N/A
amx auf1,Tail,English,N/A
nikksmart,Tail,English,N/A
3 brothers don,Tail,English,N/A
free range finger boards,Tail,English,N/A
Seeds Nikko Blue Mophead Hydrange...,Tail,English,N/A
Odin portal 2 grip,Tail,English,N/A
push pull cups,Tail,English,N/A
booksboro,Tail,English,N/A
thundertank tread,Tail,English,N/A
heilung ofnir,Tail,English,N/A
1985 picture frame,Tail,English,N/A
stock note,Tail,English,N/A
gift_for_home_lost_in_fire,Tail,English,N/A
egyptian revival moses basket,Tail,English,N/A
abg mix for terrarium,Tail,English,N/A
Pine Grove,Tail,English,N/A
stop me and I’ll pray for you,Tail,English,N/A
splash block form,Tail,English,N/A
organic live plants for tortoise,Tail,English,N/A
linwood barclay,Tail,English,N/A
x-force mcp,Tail,English,N/A
barrington university spade svg,Tail,English,N/A
moonbeam water,Tail,English,N/A
foley donald,Tail,English,N/A
redcat ascent body,Tail,English,N/A
glycerin glass freezable,Tail,English,N/A
phaetus,Tail,English,N/A
Axis and Allies roundels,Tail,English,N/A
consent lesson plan,Tail,English,N/A
barbarue,Tail,English,N/A
merchant and mills pdf,Tail,English,N/A
dugan designs,Tail,English,N/A
nananuu,Tail,English,N/A
cloriacreates italian waterdog,Tail,English,N/A
grandma netflix,Tail,English,N/A
Adam Smasher miniature,Tail,English,N/A
kawaii_retainer_case,Tail,English,N/A
bundle cheat sheet metaphors mediation,Tail,English,N/A
suzannes specialties,Tail,English,N/A
San Antonio riverwalk sticker,Tail,English,N/A
nina brunn,Tail,English,N/A
gallic 10mm,Tail,English,N/A
Photographer&#39;s Planner,Tail,English,N/A
space_marine_shotgun,Tail,English,N/A
snack_cart_with_cup_holder_svg,Tail,English,N/A
kitchengadgetsbyjp,Tail,English,N/A
vkei bow,Tail,English,N/A
clararose jewellery,Tail,English,N/A
striped mattress topper,Tail,English,N/A
howler cloak red rising,Tail,English,N/A
dual knob guitar,Tail,English,N/A
grimbald,Tail,English,N/A
magical checks,Tail,English,N/A
dofa topper,Tail,English,N/A
organic bed gap filler,Tail,English,N/A
technoblade boat,Tail,English,N/A
20g pvc enclosure,Tail,English,N/A
bd-12 droid,Tail,English,N/A
large light up 35,Tail,English,N/A
magazine cover centerpieces,Tail,English,N/A
vinedesigns,Tail,English,N/A
reviung5,Tail,English,N/A
AmylovesStudio,Tail,English,N/A
priestcorp,Tail,English,N/A
samsung dv800,Tail,English,N/A
sturidge,Tail,English,N/A
made by pmaccay,Tail,English,N/A
toledo lanyard,Tail,English,N/A
bower designed studio,Tail,English,N/A
leshkawood,Tail,English,N/A
mordheim base rim decal,Tail,English,N/A
injectable lidocane,Tail,English,N/A
spiderbeam clamp gadgets,Tail,English,N/A
22 x 8 stainless steel,Tail,English,N/A
alrxanderlaserdesign,Tail,English,N/A
super_samba_score_sheet,Tail,English,N/A
littlemoonlight,Tail,English,N/A
aldorno pendant small,Tail,English,N/A
tecetorre,Tail,English,N/A
progel grenetina,Tail,English,N/A
cda exam prep,Tail,English,N/A
REP Adjustable Bench AB-3000,Tail,English,N/A
crossfire dz rig,Tail,English,N/A
scale paddleboard,Tail,English,N/A
nibbit beads,Tail,English,N/A
moss rock endurance,Tail,English,N/A
LunaeLuxByLaria,Tail,English,N/A
sub zero ninja hood,Tail,English,N/A
Octagon Grid Fleece,Tail,English,N/A
vail greek,Tail,English,N/A
Super Pochaco figure,Tail,English,N/A
gohan vs cell stl,Tail,English,N/A
gems4u store,Tail,English,N/A
car trailer picture,Tail,English,N/A
big ten helmet magnets,Tail,English,N/A
the ivy at ellis preserve,Tail,English,N/A
stanton rigid,Tail,English,N/A
deinnaschwerk,Tail,English,N/A
MatchesClashes,Tail,English,N/A
rex winfarrah gems,Tail,English,N/A
leather breach cloth,Tail,English,N/A
marion frost patchwork cutters books,Tail,English,N/A
kickin it for the big 40,Tail,English,N/A
evo xii 13.5 james,Tail,English,N/A
paper weight diy kits,Tail,English,N/A
"history of iron springs, az",Tail,English,N/A
red 10g,Tail,English,N/A
fanfavouritestudio,Tail,English,N/A
boss_baby_suitcase_png,Tail,English,N/A
topanga woodwork,Tail,English,N/A
mesa xl pellet adapter,Tail,English,N/A
VisCakeShop,Tail,English,N/A
escy store,Tail,English,N/A
forestandfieldshop,Tail,English,N/A
NatualisticBlessing,Tail,English,N/A
beyond the shirt plushies,Tail,English,N/A
stacy mcevoycaunt,Tail,English,N/A
liam dunbar jersey teen wolf,Tail,English,N/A
unbreaon,Tail,English,N/A
bedroom  frame,Tail,English,N/A
hora_chair,Tail,English,N/A
KarinjaCreations,Tail,English,N/A
silicone flask cover,Tail,English,N/A
yvonne preston shop,Tail,English,N/A
girl’s girl by morgan,Tail,English,N/A
under the ridge,Tail,English,N/A
curly spider plant 6,Tail,English,N/A
sneet,Tail,English,N/A
Hirsch dfx,Tail,English,N/A
roku speaker mount,Tail,English,N/A
mississippi tshirt,Head,English,mississippi
lilipaya,Head,English,lilipaya
dead of winter locations,Head,English,dead of winter
ARES MKIII,Head,English,ARES MKIII
sec,Head,English,SEC
tennessee titans tumbler wrap,Head,English,tennessee titans
llavero lamborghini,Head,English,lamborghini
christian pens,Head,English,christian
halloween shirt taylor swift,Head,English,taylor swift
canucks canvas,Head,English,canucks
leather bmw keychain,Head,English,bmw
peluca barbie,Head,English,barbie
luigi toy,Head,English,luigi
versace profumi,Head,English,Versace
timothee chalamet polaroid,Head,English,timothee chalamet
aka mugs,Head,English,aka
laurel elaine bangles,Head,English,laurel elaine
girls just wanna have fundamental human rights,Head,English,girls just wanna have fundamental human rights
beanie boo accessories,Head,English,beanie boo
haunted mansion card,Head,English,haunted mansion
Lego character,Head,English,lego
georgia tumbler,Head,English,Georgia
piercing anime,Head,English,anime
taylor swift ornament vinyl,Head,English,taylor swift
badge reels sonography,Head,English,sonography
WRESTLING TEAM SVG,Head,English,wrestling team
christmas ABA shirt,Head,English,aba
le sserafim t-shirt,Head,English,le sserafim
cheerleader stanley,Head,English,cheerleader stanley
blippi jibbitz,Head,English,blippi
Lego wedding card,Head,English,lego
baxter rug,Head,English,baxter
Outkast art,Head,English,outkast
captain price,Head,English,Captain Price
swiftie lunch box,Head,English,swiftie
renamon figure,Head,English,renamon
Human By Chance Alpha By Choice,Head,English,human by chance alpha by choice
zonai stones,Head,English,zonai
star wars jedi master,Head,English,star wars
sherlock holmes geschenk,Head,English,sherlock holmes
mayans mc patch,Head,English,mayans mc
nah rosa park shirt,Head,English,rosa park
BETTLE JUICE PNG,Head,English,bettle juice
yeezy blanket,Head,English,yeezy
er christmas sweaters,Head,English,er
Pepsi merchandise,Head,English,pepsi
Peter rabbit earrings,Head,English,peter rabbit
Bad Day To Be A Hot Dog,Head,English,bad day to be a hot dog
peaky blinders tumbler wrap,Head,English,peaky blinders
coraline baby,Head,English,coraline
formula 1 light box,Head,English,formula 1
harris walz products,Head,English,harris walz
Naruto lighter,Head,English,naruto
HMHS Britannic,Head,English,hmhs britannic
polo ralph lauren felpa,Head,English,polo ralph lauren
mickey safari head,Head,English,mickey
wales rugby baby,Head,English,wales rugby
princess jasmine baby costume,Head,English,princess jasmine
spidey tortendeko,Head,English,spidey
Booktok shirts,Head,English,booktok
croc charms disney,Head,English,disney
Borzoi shirt,Head,English,borzoi
frozen name decal,Head,English,frozen
gracies corner invitations,Head,English,gracies corner
liberty of london dog collar,Head,English,liberty of london
cake topper de stitch,Head,English,stitch
butterdose katzen,Head,English,katzen
michael myers svg,Head,English,michael myers
wooden dodgers sign,Head,English,dodgers
modest christian,Head,English,christian
spider pandora charm,Head,English,pandora
phanatic necklace,Head,English,phanatic
acotar prints,Head,English,ACOTAR
dwarf hammerer,Head,English,dwarf hammerer
chicago themed gifts,Head,English,chicago
mario kart box,Head,English,mario kart
world eaters token,Head,English,world eaters
Trixie and Katya poster,Head,English,trixie and katya
plague knight,Head,English,plague knight
spirited away shirt no face,Head,English,spirited away
harley quinnn tattoos,Head,English,harley quinn
willy wonka pin,Head,English,willy wonka
nj devils flag,Head,English,nj devils
pato oward merch,Head,English,pato oward
marthas vineyard needlepoint,Head,English,marthas vineyard
cross stitch pattern harry potter,Head,English,harry potter
neil young harvest moon t shirt,Head,English,neil young
hoodie zach bryan,Head,English,zach bryan
sirenas amigurumi,Head,English,sirenas
mikasa mount holyoke china,Head,English,mikasa mount holyoke
american gangster poster,Head,English,american gangster
Percy jackson merch,Head,English,percy jackson
Harry Potter wood,Head,English,harry potter
disney ears rapunzel,Head,English,Disney
mickey 1st birthday invite,Head,English,mickey
custom disney sneakers,Head,English,disney
georgia bulldogs sublimation,Head,English,georgia bulldogs
Ted Lasso badge reel,Head,English,ted lasso
one piece plush,Head,English,one piece
ruffy gear 5 figur,Head,English,One Piece
rideau fait main,Head,French,N/A
las mujeres ya no lloran las mujeres facturan,Head,Spanish,N/A
gouden gedraaide ring,Head,Dutch,N/A
glazen flesjes,Head,Dutch,N/A
baby leeuw,Head,Dutch,N/A
kaws rug,Head,Hmong,N/A
resina llaveros,Head,Spanish,N/A
affiche remerciement creche,Head,French,N/A
portavasi legno,Head,Italian,N/A
tablier enfants,Head,French,N/A
geburtstagsgeschenk 18,Head,German,N/A
bild altrosa,Head,German,N/A
sudadera naranja,Head,Spanish,N/A
bademantel baby personalisiert,Head,German,N/A
witgouden ketting,Head,Dutch,N/A
camomilla semi,Head,Italian,N/A
druck vogel,Head,German,N/A
himmel für babywiege,Head,German,N/A
gebetskarten,Head,German,N/A
stoffbahnen hochzeit,Head,German,N/A
handtasche nylon,Head,German,N/A
geburt willkommen,Head,German,N/A
tour de lit tressé,Head,French,N/A
cuencos de ceramica,Head,Spanish,N/A
calici legno,Head,Italian,N/A
vestidos novia bohemios,Head,Spanish,N/A
döner kebap,Head,Turkish,N/A
patrones traje de baño,Head,Spanish,N/A
bijoux en résine fleur,Head,French,N/A
französische vorhänge,Head,German,N/A
accesorios juegos de mesa,Head,Spanish,N/A
karmavana,Head,Hindi (Latin script),N/A
poster kinderzimmer 30x40,Head,German,N/A
collier ras de cou coeur,Head,French,N/A
logo salon de beaute,Head,French,N/A
schale mit gesicht,Head,German,N/A
billet dé train à gratter,Head,French,N/A
album photo personnalisé enfant,Head,French,N/A
prénom enfant tricotin,Head,French,N/A
confirmation garçon,Head,French,N/A
pantaloni neonato,Head,Italian,N/A
gebetbuch hülle kommunion,Head,German,N/A
japans beeld,Head,Dutch,N/A
drehteller küche,Head,German,N/A
pfand aufbewahrung,Head,German,N/A
portachiavi resina epossidica,Head,Italian,N/A
toile cirée moderne,Head,French,N/A
organisateur de poche,Head,French,N/A
turnschuhe braut,Head,German,N/A
snoopy geldbörse,Head,German,N/A
sleutel kast,Head,Dutch,N/A
collana a mia figlia,Head,Italian,N/A
engels behang,Head,Dutch,N/A
trockenbau,Head,German,N/A
pie de lámpara,Head,Spanish,N/A
patch retour vers le futur,Head,French,N/A
designer bauchtasche,Head,German,N/A
console jeu,Head,French,N/A
baby wolldecke,Head,German,N/A
carte du monde voyage,Head,French,N/A
madera resina,Head,Spanish,N/A
bambi personalisiert,Head,German,N/A
wandbehang berge,Head,Dutch,N/A
fleur de cire,Head,French,N/A
insegne luminose vintage,Head,Italian,N/A
groenten haken,Head,Dutch,N/A
nachtlampje naam,Head,Dutch,N/A
les sets de marion,Head,French,N/A
impresiones glicée,Head,Spanish,N/A
pendantes,Head,French,N/A
baby anzug beige,Head,German,N/A
armreif personalisiert gold,Head,German,N/A
prénom rotin,Head,French,N/A
wandbild landschaft,Head,German,N/A
contenant dragées princesse,Head,French,N/A
rangement fils broderie,Head,French,N/A
fenstergriffe,Head,German,N/A
handytasche genäht,Head,German,N/A
pies de furro,Head,Spanish,N/A
enfilade space age,Head,French,N/A
leinen kleider,Head,German,N/A
auszeit freundin,Head,German,N/A
aufnäher namen,Head,German,N/A
arbre empreinte mariage,Head,French,N/A
runder geburtstag,Head,German,N/A
plato anillo,Head,Spanish,N/A
stickdatei kuchen,Head,German,N/A
führleine,Head,German,N/A
chaqueta lino mujer,Head,Spanish,N/A
mesitas de noche flotantes,Head,Spanish,N/A
brosche bestickt,Head,German,N/A
du bist es wert,Head,German,N/A
gastgeschenk karte,Head,German,N/A
pot de fleur tête,Head,French,N/A
bügelbild geburtstag hase,Head,German,N/A
zorg en welzijn,Head,Dutch,N/A
vogel schilderij,Head,Dutch,N/A
lámina abecedario,Head,Spanish,N/A
seife hund,Head,German,N/A
qualle aufnäher,Head,German,N/A
étiquette nom,Head,French,N/A
colgante con inicial,Head,Spanish,N/A
mitaines enfants,Head,French,N/A
sac à main en cuir,Head,French,N/A
glass pfeife,Head,German,N/A
la bella napoli,Head,Italian,N/A
kufen metall,Head,German,N/A
giochi in legno montessori,Head,Italian,N/A
mirror asymétrique,Head,French,N/A
altare in legno,Head,Italian,N/A
form beton gießen,Head,German,N/A
étagère bois,Head,French,N/A
samen tomaten,Head,Dutch,N/A
erster geburtstag junge deko,Head,German,N/A
sweat brodé personnalisé femme,Head,French,N/A
caja para kinder huevo cricut,Head,Spanish,N/A
gebetsteppiche mit namen,Head,German,N/A
baby knotenmütze,Head,German,N/A
glaskugel leuchte,Head,German,N/A
knoten mütze,Head,German,N/A
morgen und abend routine,Head,German,N/A
geschenk mutterschutz,Head,German,N/A
taschen band,Head,German,N/A
katze tasse,Head,German,N/A
klingelschild personalisiert holz,Head,German,N/A
calligraphie prénom,Head,French,N/A
bouquets de mariée,Head,French,N/A
cartello sposi,Head,Italian,N/A
pendientes cobre martillado,Head,Spanish,N/A
bebes llorones invitation,Head,Spanish,N/A
tongkat,Head,Indonesian,N/A
leer zwart,Head,Dutch,N/A
coque téléphone iphone 13,Head,French,N/A
hochzeitseinladung rosa,Head,German,N/A
brettchen personalisiert papa,Head,German,N/A
centre de roue vw,Head,French,N/A
pferdemädchen svg,Head,German,N/A
dumbo geburtstag,Head,German,N/A
kaufladen holz,Head,German,N/A
étui cigare personnalisée,Head,French,N/A
animaux en métal,Head,French,N/A
t shirt kinder geburtstag,Head,German,N/A
collana cuore sacro,Head,Italian,N/A
fascia addio al nubilato,Head,Italian,N/A
abschiedsgeschenk bundeswehr,Head,German,N/A
dm münzen,Head,German,N/A
katsushika hokusai,Head,Japanese (Latin script),N/A
scapa,Head,Romanian,N/A
mouse da gioco,Head,Italian,N/A
silikonform körper,Head,German,N/A